{
	"pattrstorage" : 	{
		"name" : "_meshPresetsHelp",
		"slots" : 		{
			"1" : 			{
				"id" : 1,
				"data" : 				{
					"meshInfo" : [ 						{
							"meshType" : "cartesian",
							"dimentions" : [ 3, 3 ],
							"nDelays" : 36,
							"junctionDelays" : 12,
							"wallDelays" : 12,
							"nJunctions" : 9,
							"nWalls" : 12,
							"dt" : 							{
								"junction" : 								{
									"0" : 151.25,
									"1" : 134.166666666666657,
									"2" : 117.083333333333329,
									"3" : 100,
									"4" : 117.083333333333329,
									"5" : 134.166666666666657,
									"6" : 134.166666666666657,
									"7" : 134.166666666666657,
									"8" : 134.166666666666657,
									"9" : 134.166666666666657,
									"10" : 134.166666666666657,
									"11" : 134.166666666666657
								}
,
								"wall" : 								{
									"0" : 250,
									"1" : 250,
									"2" : 250,
									"3" : 250
								}

							}
,
							"xDelays" : 6,
							"yDelays" : 6,
							"coefs" : 							{
								"0" : [ "a", 24, 0, 0.5 ],
								"1" : [ "a", 6, 0, 0.5 ],
								"2" : [ "a", 33, 0, 0.5 ],
								"3" : [ "a", 18, 0, 0.5 ],
								"4" : [ "flip", 24, 0, 1 ],
								"5" : [ "flip", 6, 24, 1 ],
								"6" : [ "flip", 33, 12, 1 ],
								"7" : [ "flip", 18, 33, 1 ],
								"8" : [ "a", 0, 1, 0.5 ],
								"9" : [ "a", 7, 1, 0.5 ],
								"10" : [ "a", 34, 1, 0.5 ],
								"11" : [ "a", 20, 1, 0.5 ],
								"12" : [ "flip", 0, 1, 1 ],
								"13" : [ "flip", 7, 6, 1 ],
								"14" : [ "flip", 34, 14, 1 ],
								"15" : [ "flip", 20, 34, 1 ],
								"16" : [ "a", 1, 2, 0.5 ],
								"17" : [ "a", 27, 2, 0.5 ],
								"18" : [ "a", 35, 2, 0.5 ],
								"19" : [ "a", 22, 2, 0.5 ],
								"20" : [ "flip", 1, 27, 1 ],
								"21" : [ "flip", 27, 7, 1 ],
								"22" : [ "flip", 35, 16, 1 ],
								"23" : [ "flip", 22, 35, 1 ],
								"24" : [ "a", 25, 3, 0.5 ],
								"25" : [ "a", 8, 3, 0.5 ],
								"26" : [ "a", 12, 3, 0.5 ],
								"27" : [ "a", 19, 3, 0.5 ],
								"28" : [ "flip", 25, 2, 1 ],
								"29" : [ "flip", 8, 25, 1 ],
								"30" : [ "flip", 12, 13, 1 ],
								"31" : [ "flip", 19, 18, 1 ],
								"32" : [ "a", 2, 4, 0.5 ],
								"33" : [ "a", 9, 4, 0.5 ],
								"34" : [ "a", 14, 4, 0.5 ],
								"35" : [ "a", 21, 4, 0.5 ],
								"36" : [ "flip", 2, 3, 1 ],
								"37" : [ "flip", 9, 8, 1 ],
								"38" : [ "flip", 14, 15, 1 ],
								"39" : [ "flip", 21, 20, 1 ],
								"40" : [ "a", 3, 5, 0.5 ],
								"41" : [ "a", 28, 5, 0.5 ],
								"42" : [ "a", 16, 5, 0.5 ],
								"43" : [ "a", 23, 5, 0.5 ],
								"44" : [ "flip", 3, 28, 1 ],
								"45" : [ "flip", 28, 9, 1 ],
								"46" : [ "flip", 16, 17, 1 ],
								"47" : [ "flip", 23, 22, 1 ],
								"48" : [ "a", 26, 6, 0.5 ],
								"49" : [ "a", 10, 6, 0.5 ],
								"50" : [ "a", 13, 6, 0.5 ],
								"51" : [ "a", 30, 6, 0.5 ],
								"52" : [ "flip", 26, 4, 1 ],
								"53" : [ "flip", 10, 26, 1 ],
								"54" : [ "flip", 13, 30, 1 ],
								"55" : [ "flip", 30, 20, 1 ],
								"56" : [ "a", 4, 7, 0.5 ],
								"57" : [ "a", 11, 7, 0.5 ],
								"58" : [ "a", 15, 7, 0.5 ],
								"59" : [ "a", 31, 7, 0.5 ],
								"60" : [ "flip", 4, 5, 1 ],
								"61" : [ "flip", 11, 10, 1 ],
								"62" : [ "flip", 15, 31, 1 ],
								"63" : [ "flip", 31, 22, 1 ],
								"64" : [ "a", 5, 8, 0.5 ],
								"65" : [ "a", 29, 8, 0.5 ],
								"66" : [ "a", 17, 8, 0.5 ],
								"67" : [ "a", 32, 8, 0.5 ],
								"68" : [ "flip", 5, 29, 1 ],
								"69" : [ "flip", 29, 11, 1 ],
								"70" : [ "flip", 17, 32, 1 ],
								"71" : [ "flip", 32, 24, 1 ]
							}
,
							"params" : 							{
								"wallRc" : 0.729350080574698,
								"scatterRc" : 0.818567221140921,
								"randomDelayDepth" : 0.019187817903195,
								"randomDelaySpeed" : [ 2.702702702702703, 6.891891891891892 ],
								"wallFilterEnabled" : 0,
								"scatterFilterEnabled" : 0,
								"dtSmooth" : 0.58,
								"scatterFilterGraph" : [ 1.424786058561162, -0.357870022549967, -0.953280619118822, -0.281300928644167, -0.605063654463461, 1.0, -0.647902028848469, 0.260679617944784, -0.647902028848469, 0.260679617944784, 0.893464908518618, -1.742992954847101, 0.852303459616166, -1.742992954847101, 0.745768368134783 ],
								"wallFilterGraph" : [ 1.424786058561162, -0.357870022549967, -0.953280619118822, -0.281300928644167, -0.605063654463461, 1.0, -0.647902028848469, 0.260679617944784, -0.647902028848469, 0.260679617944784, 0.893464908518618, -1.742992954847101, 0.852303459616166, -1.742992954847101, 0.745768368134783 ],
								"scatterFilter" : "null"
							}

						}
 ]
				}

			}
,
			"2" : 			{
				"id" : 2,
				"data" : 				{
					"meshInfo" : [ 						{
							"junctionDelays" : 18,
							"outDelays" : 9,
							"aroundDelays" : 9,
							"meshType" : "polar",
							"nDelays" : 39,
							"nJunctions" : 10,
							"nWalls" : 3,
							"dimentions" : [ 3, 3 ],
							"dt" : 							{
								"junction" : 								{
									"0" : 50.250250250250247,
									"9" : 65.565565565565564,
									"1" : 44.044044044044043,
									"10" : 33,
									"2" : 26.926926926926928,
									"11" : 68.468468468468473,
									"3" : 27.127127127127128,
									"12" : 51.151151151151147,
									"4" : 63.963963963963963,
									"13" : 31.831831831831831,
									"5" : 73.073073073073076,
									"14" : 69.769769769769766,
									"6" : 80.28028028028028,
									"15" : 39.139139139139139,
									"7" : 27.827827827827829,
									"16" : 72.372372372372368,
									"8" : 40.04004004004004,
									"17" : 28.328328328328329
								}
,
								"wall" : 								{
									"0" : 500,
									"1" : 500,
									"2" : 500
								}

							}
,
							"coefs" : 							{
								"0" : [ "a", 6, 0, 0.666666666666667 ],
								"1" : [ "flip", 6, 0, 1 ],
								"2" : [ "a", 7, 0, 0.666666666666667 ],
								"3" : [ "flip", 7, 1, 1 ],
								"4" : [ "a", 8, 0, 0.666666666666667 ],
								"5" : [ "flip", 8, 2, 1 ],
								"6" : [ "a", 20, 1, 0.5 ],
								"7" : [ "a", 28, 1, 0.5 ],
								"8" : [ "a", 0, 1, 0.5 ],
								"9" : [ "a", 12, 1, 0.5 ],
								"10" : [ "flip", 0, 3, 1 ],
								"11" : [ "flip", 12, 9, 1 ],
								"12" : [ "flip", 20, 18, 1 ],
								"13" : [ "flip", 28, 27, 1 ],
								"14" : [ "a", 18, 2, 0.5 ],
								"15" : [ "a", 29, 2, 0.5 ],
								"16" : [ "a", 1, 2, 0.5 ],
								"17" : [ "a", 13, 2, 0.5 ],
								"18" : [ "flip", 1, 4, 1 ],
								"19" : [ "flip", 13, 10, 1 ],
								"20" : [ "flip", 18, 19, 1 ],
								"21" : [ "flip", 29, 28, 1 ],
								"22" : [ "a", 19, 3, 0.5 ],
								"23" : [ "a", 27, 3, 0.5 ],
								"24" : [ "a", 2, 3, 0.5 ],
								"25" : [ "a", 14, 3, 0.5 ],
								"26" : [ "flip", 2, 5, 1 ],
								"27" : [ "flip", 14, 11, 1 ],
								"28" : [ "flip", 19, 20, 1 ],
								"29" : [ "flip", 27, 29, 1 ],
								"30" : [ "a", 23, 4, 0.5 ],
								"31" : [ "a", 31, 4, 0.5 ],
								"32" : [ "a", 3, 4, 0.5 ],
								"33" : [ "a", 15, 4, 0.5 ],
								"34" : [ "flip", 3, 6, 1 ],
								"35" : [ "flip", 15, 12, 1 ],
								"36" : [ "flip", 23, 21, 1 ],
								"37" : [ "flip", 31, 30, 1 ],
								"38" : [ "a", 21, 5, 0.5 ],
								"39" : [ "a", 32, 5, 0.5 ],
								"40" : [ "a", 4, 5, 0.5 ],
								"41" : [ "a", 16, 5, 0.5 ],
								"42" : [ "flip", 4, 7, 1 ],
								"43" : [ "flip", 16, 13, 1 ],
								"44" : [ "flip", 21, 22, 1 ],
								"45" : [ "flip", 32, 31, 1 ],
								"46" : [ "a", 22, 6, 0.5 ],
								"47" : [ "a", 30, 6, 0.5 ],
								"48" : [ "a", 5, 6, 0.5 ],
								"49" : [ "a", 17, 6, 0.5 ],
								"50" : [ "flip", 5, 8, 1 ],
								"51" : [ "flip", 17, 14, 1 ],
								"52" : [ "flip", 22, 23, 1 ],
								"53" : [ "flip", 30, 32, 1 ],
								"54" : [ "a", 26, 7, 0.5 ],
								"55" : [ "a", 34, 7, 0.5 ],
								"56" : [ "a", 6, 7, 0.5 ],
								"57" : [ "a", 36, 7, 0.5 ],
								"58" : [ "flip", 6, 36, 1 ],
								"59" : [ "flip", 36, 15, 1 ],